{
    "$schema": "https://schema.management.azure.com/schemas/2015-01-01/deploymentParameters.json#",
    "contentVersion": "1.0.0.0",
    "parameters": {
        "clusterName": {
            "value": "dbh-HDI"
        },
        "clusterLoginUserName": {
            "value": "admin"
        },
        "clusterLoginPassword": {
            "value": null
        },
        "location": {
            "value": "australiaeast"
        },
        "clusterWorkerNodeCount": {
            "value": 4
        },
        "clusterKind": {
            "value": "SPARK"
        },
        "clusterVersion": {
            "value": "3.6"
        },
        "sshUserName": {
            "value": "sshuser"
        },
        "sshPassword": {
            "value": null
        }
    }
}