{
    "$schema": "https://schema.management.azure.com/schemas/2015-01-01/deploymentParameters.json#",
    "contentVersion": "1.0.0.0",
    "parameters": {
        "name": {
            "value": "dbh-smartmeter-hub"
        },
        "location": {
            "value": "australiaeast"
        },
        "sku_name": {
            "value": "F1"
        },
        "sku_units": {
            "value": "1"
        },
        "d2c_partitions": {
            "value": "2"
        },
        "features": {
            "value": "None"
        }
    }
}